"ay_no","ay","mesafe","sicaklik"
1,"Ocak","20m",37.7
2,"Subat","20m",39.7
3,"Mart","20m",42
4,"Nisan","20m",43.4
5,"Mayis","20m",42.5
6,"Haziran","20m",39.7
7,"Temmuz","20m",38.7
8,"Agustos","20m",39.1
9,"Eylul","20m",39.7
10,"Ekim","20m",39.9
11,"Kasim","20m",39.6
1,"Ocak","40m",37.5
2,"Subat","40m",39.4
3,"Mart","40m",42
4,"Nisan","40m",43.1
5,"Mayis","40m",42.3
6,"Haziran","40m",39.7
7,"Temmuz","40m",38.5
8,"Agustos","40m",38.8
9,"Eylul","40m",39.5
10,"Ekim","40m",40
11,"Kasim","40m",39.7
1,"Ocak","100m",37.6
2,"Subat","100m",39.6
3,"Mart","100m",41.9
4,"Nisan","100m",42.8
5,"Mayis","100m",42.3
6,"Haziran","100m",39.6
7,"Temmuz","100m",38.6
8,"Agustos","100m",38.9
9,"Eylul","100m",39.2
10,"Ekim","100m",40
11,"Kasim","100m",39.8
1,"Ocak","200m",37.4
2,"Subat","200m",39.6
3,"Mart","200m",41.9
4,"Nisan","200m",43
5,"Mayis","200m",42.1
6,"Haziran","200m",39.7
7,"Temmuz","200m",38.5
8,"Agustos","200m",38.4
9,"Eylul","200m",39.4
10,"Ekim","200m",40.2
11,"Kasim","200m",39.7
